{
    "roc_auc": 0.7574705167592726,
    "accuracy": 0.7006812675804432,
    "precision": 0.16673277144273674,
    "recall": 0.6773413897280967,
    "f1": 0.26759498706982293,
    "confusion_matrix": {
        "true_negatives": 39731,
        "false_positives": 16807,
        "false_negatives": 1602,
        "true_positives": 3363
    },
    "feature_count": 29,
    "model_version": "v1",
    "training_timestamp": "2026-07-08 11:20:23"
}